First Name,Last Name,Birth Date,Email,Hobby,Experience,Start Year,Salary,City,Nationality,Skill
Michelle,Lee,1987-04-06,michelle.lee@fake_domain-2.com,Reading,7,1995,130000,East Jasmineton,Philippines,Python
Joseph,Duncan,1979-10-15,joseph.duncan@fake_domain-2.com,Gaming,4,1986,105000,Lake Stephenchester,Tuvalu,Data Mining
Joy,Wright,1976-05-18,joy.wright@fake_domain-2.com,Fine Arts,12,2004,95000,North Michael,Kyrgyz Republic,SQL
Ashley,Jones,1983-11-17,ashley.jones@fake_domain-2.com,Sports,10,1977,95000,Erikmouth,Brazil,SQL
Jennifer,Lewis,1991-12-15,jennifer.lewis@fake_domain-2.com,Watching TV,10,2018,100000,South Kelly,France,Pandas
Harold,Nicholson,1971-05-20,harold.nicholson@fake_domain-2.com,Fine Arts,14,2017,125000,New Gregorychester,Togo,Data Mining
Nancy,Williams,1984-03-03,nancy.williams@fake_domain-2.com,Cooking,11,1978,115000,Lake Theresa,Saint Kitts and Nevis,Python
Cynthia,Willis,1988-11-19,cynthia.willis@fake_domain-2.com,Reading,1,1976,115000,Jerrymouth,Singapore,Pandas
Maurice,Shaw,1987-01-20,maurice.shaw@fake_domain-2.com,Fitness,10,1981,130000,Bakerview,British Indian Ocean Territory (Chagos Archipelago),Python
Christina,Allen,1971-12-24,christina.allen@fake_domain-2.com,Gaming,6,2002,80000,Lake Wandafort,Vietnam,SQL
Michael,Scott,1983-10-01,michael.scott@fake_domain-2.com,Reading,0,2011,85000,Turnerberg,Gabon,Python
Ian,Murphy,1982-07-22,ian.murphy@fake_domain-2.com,Reading,6,2016,125000,Port Zacharyfurt,Qatar,Python
Jennifer,Murray,1974-06-22,jennifer.murray@fake_domain-2.com,Sports,9,2009,125000,Lake Monicaberg,Antigua and Barbuda,Linux
Savannah,Medina,1980-11-20,savannah.medina@fake_domain-2.com,Reading,1,2000,85000,Williamsview,Cameroon,Python
Robert,Robinson,1981-04-25,robert.robinson@fake_domain-2.com,Fitness,0,1974,95000,North Juliefurt,British Indian Ocean Territory (Chagos Archipelago),Data Mining
Brittany,Hatfield,1983-04-02,brittany.hatfield@fake_domain-2.com,Fitness,5,1983,135000,South Suzanne,Cocos (Keeling) Islands,Python
Erica,Welch,1978-07-13,erica.welch@fake_domain-2.com,Fitness,9,2012,85000,North Gabriel,Poland,Pandas
Jason,Torres,1980-04-07,jason.torres@fake_domain-2.com,Reading,12,2006,75000,Lake Christopher,Antigua and Barbuda,SQL
Kimberly,Murray,1975-06-25,kimberly.murray@fake_domain-2.com,Pets,7,1987,115000,Lake Alyssaside,Ethiopia,Linux
Cory,Nguyen,1973-11-15,cory.nguyen@fake_domain-2.com,Cooking,4,1979,115000,Port Jennifer,Uganda,Data Mining
Madeline,Welch,1981-09-28,madeline.welch@fake_domain-2.com,Watching TV,10,1975,125000,New Patrickstad,Pakistan,Pandas
Sara,Morgan,1972-02-21,sara.morgan@fake_domain-2.com,Gaming,9,2001,120000,Robinsonstad,Ethiopia,Linux
Alyssa,Moore,1989-01-30,alyssa.moore@fake_domain-2.com,Reading,8,1993,130000,West Reginamouth,Sierra Leone,Data Mining
Daniel,Johnson,1977-06-14,daniel.johnson@fake_domain-2.com,Cooking,11,2019,135000,Port Markbury,Korea,Data Mining
Bobby,Scott,1987-07-16,bobby.scott@fake_domain-2.com,Watching TV,13,2001,90000,Chenmouth,Oman,SQL
Emily,Howard,1970-09-02,emily.howard@fake_domain-2.com,Pets,7,1975,125000,South Michaelberg,Togo,Data Mining
Penny,Sandoval,1983-08-24,penny.sandoval@fake_domain-2.com,Pets,15,2023,130000,Evansborough,Nigeria,Data Mining
Cheryl,Hardy,1986-08-02,cheryl.hardy@fake_domain-2.com,Fine Arts,8,2019,105000,Davistown,Israel,SQL
Donna,Sullivan,1984-02-27,donna.sullivan@fake_domain-2.com,Fine Arts,5,2022,140000,East Donnabury,Canada,Data Mining
Adam,Hopkins,1980-05-09,adam.hopkins@fake_domain-2.com,Fitness,8,1973,85000,South Ashley,Tokelau,SQL
Joseph,Johnson,1972-01-11,joseph.johnson@fake_domain-2.com,Fine Arts,7,1977,110000,South Erikaborough,Senegal,Data Mining
Keith,Howard,1983-04-08,keith.howard@fake_domain-2.com,Reading,3,1978,130000,Port Stevenmouth,Afghanistan,Pandas
Penny,Turner,1972-01-29,penny.turner@fake_domain-2.com,Sports,2,2020,80000,East Alejandrobury,Vietnam,Pandas
Stephanie,Yates,1990-11-26,stephanie.yates@fake_domain-2.com,Sports,2,2009,100000,West Hannah,Honduras,Linux
Anthony,Martin,1981-10-20,anthony.martin@fake_domain-2.com,Watching TV,3,1996,125000,Sheilachester,Armenia,Data Mining
Tammy,Carpenter,1984-07-03,tammy.carpenter@fake_domain-2.com,Pets,14,1980,90000,Williamshire,Norway,Python
Pamela,Townsend,1991-12-25,pamela.townsend@fake_domain-2.com,Gaming,10,2013,95000,West Davidside,Maldives,Linux
Virginia,Garcia,1972-03-12,virginia.garcia@fake_domain-2.com,Fine Arts,10,1994,75000,Thomasport,Poland,Python
John,Brown,1973-08-03,john.brown@fake_domain-2.com,Reading,12,1990,120000,Johnville,Korea,Python
Veronica,Moran,1993-05-17,veronica.moran@fake_domain-2.com,Gaming,9,2020,115000,Lake Robert,Indonesia,Python
Heather,Leblanc,1983-01-10,heather.leblanc@fake_domain-2.com,Reading,13,2021,90000,East Michael,American Samoa,Python
Ricky,Robbins,1970-09-05,ricky.robbins@fake_domain-2.com,Watching TV,0,1995,100000,Changmouth,Romania,Linux
Matthew,Peterson,1991-02-12,matthew.peterson@fake_domain-2.com,Sports,5,1992,90000,Parkerchester,Tokelau,SQL
Robert,Larson,1993-04-07,robert.larson@fake_domain-2.com,Fine Arts,10,1979,110000,North Gabriellebury,Cyprus,Data Mining
Daniel,Hamilton,1985-04-22,daniel.hamilton@fake_domain-2.com,Pets,5,1978,130000,East Barbarafurt,Chad,Pandas
Willie,Simon,1973-07-23,willie.simon@fake_domain-2.com,Watching TV,0,2015,90000,South Randyfort,Croatia,Data Mining
Scott,King,1985-07-25,scott.king@fake_domain-2.com,Sports,14,1972,120000,East Timothystad,Germany,Pandas
Kimberly,Ortiz,1985-11-19,kimberly.ortiz@fake_domain-2.com,Pets,9,1994,140000,North Amanda,Saint Martin,Linux
Michael,Willis,1992-11-14,michael.willis@fake_domain-2.com,Fitness,6,2006,95000,North Sherrifurt,Yemen,Data Mining
Maria,Hampton,1993-06-12,maria.hampton@fake_domain-2.com,Gaming,15,2005,85000,New Jonathontown,Trinidad and Tobago,Python
Bobby,Montes,1984-04-23,bobby.montes@fake_domain-2.com,Pets,8,1998,130000,South Glenn,Christmas Island,Data Mining
Jason,Parker,1989-09-12,jason.parker@fake_domain-2.com,Gaming,3,1994,75000,Benjaminview,San Marino,Pandas
Rebecca,Jones,1987-06-17,rebecca.jones@fake_domain-2.com,Fitness,5,2003,80000,South Lucas,San Marino,Pandas
Jose,Carney,1984-12-03,jose.carney@fake_domain-2.com,Cooking,14,2023,125000,East Lance,Guernsey,SQL
Matthew,Johnson,1988-05-07,matthew.johnson@fake_domain-2.com,Sports,6,1991,75000,Port Peterburgh,Cambodia,SQL
Timothy,Guerrero,1992-07-12,timothy.guerrero@fake_domain-2.com,Watching TV,15,1985,115000,Simshaven,Spain,Python
Robert,Mcknight,1976-05-09,robert.mcknight@fake_domain-2.com,Fitness,11,1979,90000,East Tanya,Barbados,Pandas
Jessica,Bartlett,1994-06-22,jessica.bartlett@fake_domain-2.com,Sports,2,1988,90000,South Cassandrahaven,Cocos (Keeling) Islands,Linux
Chelsea,Stewart,1977-05-31,chelsea.stewart@fake_domain-2.com,Fitness,6,2021,115000,New Melanie,Saint Martin,Linux
Roger,Morton,1991-03-25,roger.morton@fake_domain-2.com,Fitness,7,2012,145000,West Katherinefurt,Saint Kitts and Nevis,Python
Alexander,Stewart,1975-11-23,alexander.stewart@fake_domain-2.com,Pets,8,2011,100000,North Jamieville,Iceland,SQL
Antonio,Peters,1983-09-17,antonio.peters@fake_domain-2.com,Pets,10,1998,135000,New Jeffreyview,Bosnia and Herzegovina,Python
Derek,Rosales,1994-12-25,derek.rosales@fake_domain-2.com,Gaming,9,2018,140000,Carolineside,Palestinian Territory,Pandas
Larry,Hudson,1977-04-30,larry.hudson@fake_domain-2.com,Pets,0,2007,145000,Port Shelly,Morocco,Linux
Francisco,Brown,1980-09-22,francisco.brown@fake_domain-2.com,Cooking,12,1984,140000,West Christian,Malaysia,SQL
Jillian,Richardson,1977-02-07,jillian.richardson@fake_domain-2.com,Watching TV,10,1984,95000,Patricktown,United Kingdom,Pandas
Stephen,Glass,1982-07-27,stephen.glass@fake_domain-2.com,Sports,0,2019,110000,Lake Jasonland,Guinea,Python
Kenneth,Leon,1980-04-26,kenneth.leon@fake_domain-2.com,Cooking,9,2003,140000,North Shane,Liechtenstein,Python
Victoria,Gibbs,1983-02-10,victoria.gibbs@fake_domain-2.com,Cooking,1,2021,135000,Port Jerry,Montserrat,Python
Amy,Wong,1979-08-17,amy.wong@fake_domain-2.com,Gaming,10,2012,125000,Elizabethstad,Kenya,Linux
Kristen,Pruitt,1992-04-20,kristen.pruitt@fake_domain-2.com,Gaming,2,1993,120000,New Jimmy,Monaco,Pandas
Sharon,Banks,1988-09-12,sharon.banks@fake_domain-2.com,Fine Arts,7,2010,120000,Kellyburgh,Svalbard & Jan Mayen Islands,Pandas
Michael,Freeman,1982-06-20,michael.freeman@fake_domain-2.com,Fine Arts,10,1983,85000,Reedton,British Virgin Islands,Data Mining
Wendy,Maldonado,1986-01-06,wendy.maldonado@fake_domain-2.com,Cooking,6,2019,90000,Angelicaville,India,Data Mining
Tony,Mason,1976-07-13,tony.mason@fake_domain-2.com,Reading,2,2008,115000,Morganstad,Grenada,Pandas
Joshua,Franklin,1975-11-10,joshua.franklin@fake_domain-2.com,Pets,10,2002,115000,East Kayla,Saint Kitts and Nevis,Data Mining
Victoria,Gordon,1975-04-25,victoria.gordon@fake_domain-2.com,Sports,7,2013,90000,South Nicolebury,Senegal,SQL
Jeff,Murray,1990-06-16,jeff.murray@fake_domain-2.com,Cooking,6,1971,105000,Gutierrezburgh,Lithuania,Pandas
Katherine,Martinez,1970-09-19,katherine.martinez@fake_domain-2.com,Pets,4,2013,115000,Davidstad,Suriname,SQL
Robert,Mckinney,1994-09-11,robert.mckinney@fake_domain-2.com,Sports,3,2022,80000,West Rachelview,Micronesia,SQL
Debra,Rodriguez,1990-02-01,debra.rodriguez@fake_domain-2.com,Cooking,13,2008,125000,Paulborough,Monaco,Python
Cathy,Smith,1972-09-12,cathy.smith@fake_domain-2.com,Sports,1,2015,115000,West Melissamouth,Benin,Pandas
Dylan,Frazier,1978-04-18,dylan.frazier@fake_domain-2.com,Fitness,11,2006,115000,New Tammy,Tunisia,SQL
James,Contreras,1982-10-24,james.contreras@fake_domain-2.com,Fine Arts,6,2000,125000,New Cathychester,El Salvador,Python
Theresa,Bennett,1990-02-17,theresa.bennett@fake_domain-2.com,Reading,3,1983,145000,New Desiree,Tonga,Linux
Michael,Peters,1977-09-02,michael.peters@fake_domain-2.com,Pets,1,1995,105000,West Deborah,Rwanda,Pandas
Jason,Garcia,1993-02-28,jason.garcia@fake_domain-2.com,Reading,6,1978,80000,East Penny,Peru,Linux
Tyler,Bryan,1985-09-24,tyler.bryan@fake_domain-2.com,Watching TV,8,1972,140000,New Linda,Brazil,SQL
Rita,Carter,1980-08-10,rita.carter@fake_domain-2.com,Gaming,11,2008,100000,Geoffreyfurt,Nicaragua,Pandas
Edward,White,1985-01-13,edward.white@fake_domain-2.com,Gaming,10,2018,125000,Leeport,Bouvet Island (Bouvetoya),Pandas
Amy,Mcguire,1972-12-15,amy.mcguire@fake_domain-2.com,Watching TV,7,2012,80000,South Elizabethhaven,Uganda,Data Mining
Jennifer,Wright,1976-04-07,jennifer.wright@fake_domain-2.com,Reading,9,2005,80000,South Jessicaville,Cuba,Data Mining
Spencer,Meadows,1984-04-20,spencer.meadows@fake_domain-2.com,Cooking,10,2011,105000,Perezmouth,Eritrea,SQL
Richard,Caldwell,1976-09-30,richard.caldwell@fake_domain-2.com,Watching TV,14,2004,100000,Adamland,Bosnia and Herzegovina,Linux
Cody,Richardson,1991-09-13,cody.richardson@fake_domain-2.com,Gaming,0,2020,80000,Dianeport,Benin,Pandas
Zoe,Peterson,1976-11-19,zoe.peterson@fake_domain-2.com,Reading,8,1975,140000,East Timothy,Iraq,SQL
Christina,Brown,1979-06-05,christina.brown@fake_domain-2.com,Watching TV,3,1988,130000,East Deborah,Norfolk Island,Pandas
Alexandria,Griffin,1987-04-16,alexandria.griffin@fake_domain-2.com,Fitness,10,1989,105000,West Robertside,Uganda,Pandas
Sarah,Goodwin,1985-09-06,sarah.goodwin@fake_domain-2.com,Sports,13,1993,140000,New Sarah,Liechtenstein,Pandas
Christine,Robinson,1976-12-02,christine.robinson@fake_domain-2.com,Gaming,0,2013,135000,Port Katie,Chad,Data Mining
